{
  "year": 2026,
  "calendar_data": [
    {
      "month": "January",
      "ad_year": 2026,
      "bs_months": ["Poush 2082", "Magh 2082"],
      "days": [
        { "ad": "2026-01-01", "bs": "2082-09-17", "day": "Thursday", "event": "New Year 2026, National Topi Diwas" },
        { "ad": "2026-01-02", "bs": "2082-09-18", "day": "Friday", "event": null },
        { "ad": "2026-01-03", "bs": "2082-09-19", "day": "Saturday", "event": "Shree Swasthani Brata Start" },
        { "ad": "2026-01-04", "bs": "2082-09-20", "day": "Sunday", "event": null },
        { "ad": "2026-01-05", "bs": "2082-09-21", "day": "Monday", "event": "Guru Govinda Singh Jayanti" },
        { "ad": "2026-01-06", "bs": "2082-09-22", "day": "Tuesday", "event": null },
        { "ad": "2026-01-07", "bs": "2082-09-23", "day": "Wednesday", "event": "Araniko Smriti Diwas" },
        { "ad": "2026-01-08", "bs": "2082-09-24", "day": "Thursday", "event": null },
        { "ad": "2026-01-09", "bs": "2082-09-25", "day": "Friday", "event": null },
        { "ad": "2026-01-10", "bs": "2082-09-26", "day": "Saturday", "event": null },
        { "ad": "2026-01-11", "bs": "2082-09-27", "day": "Sunday", "event": "Prithvi Jayanti / National Unity Day" },
        { "ad": "2026-01-12", "bs": "2082-09-28", "day": "Monday", "event": null },
        { "ad": "2026-01-13", "bs": "2082-09-29", "day": "Tuesday", "event": "National Bhakka Day" },
        { "ad": "2026-01-14", "bs": "2082-09-30", "day": "Wednesday", "event": "Shattila Ekadashi" },
        { "ad": "2026-01-15", "bs": "2082-10-01", "day": "Thursday", "event": "Maghe Sankranti" },
        { "ad": "2026-01-16", "bs": "2082-10-02", "day": "Friday", "event": "National Earthquake Safety Day" },
        { "ad": "2026-01-17", "bs": "2082-10-03", "day": "Saturday", "event": null },
        { "ad": "2026-01-18", "bs": "2082-10-04", "day": "Sunday", "event": null },
        { "ad": "2026-01-19", "bs": "2082-10-05", "day": "Monday", "event": "Sonam Lhosar" },
        { "ad": "2026-01-20", "bs": "2082-10-06", "day": "Tuesday", "event": null },
        { "ad": "2026-01-21", "bs": "2082-10-07", "day": "Wednesday", "event": null },
        { "ad": "2026-01-22", "bs": "2082-10-08", "day": "Thursday", "event": null },
        { "ad": "2026-01-23", "bs": "2082-10-09", "day": "Friday", "event": "Saraswati Puja / Basanta Panchami" },
        { "ad": "2026-01-24", "bs": "2082-10-10", "day": "Saturday", "event": null },
        { "ad": "2026-01-25", "bs": "2082-10-11", "day": "Sunday", "event": null },
        { "ad": "2026-01-26", "bs": "2082-10-12", "day": "Monday", "event": "International Customs Day" },
        { "ad": "2026-01-27", "bs": "2082-10-13", "day": "Tuesday", "event": null },
        { "ad": "2026-01-28", "bs": "2082-10-14", "day": "Wednesday", "event": null },
        { "ad": "2026-01-29", "bs": "2082-10-15", "day": "Thursday", "event": "Bhima Ekadashi" },
        { "ad": "2026-01-30", "bs": "2082-10-16", "day": "Friday", "event": "Sahid Diwas (Martyr's Day)" },
        { "ad": "2026-01-31", "bs": "2082-10-17", "day": "Saturday", "event": null }
      ]
    },
    {
      "month": "February",
      "ad_year": 2026,
      "bs_months": ["Magh 2082", "Falgun 2082"],
      "days": [
        { "ad": "2026-02-01", "bs": "2082-10-18", "day": "Sunday", "event": "Shree Swasthani Brata Samapti" },
        { "ad": "2026-02-02", "bs": "2082-10-19", "day": "Monday", "event": "World Wetlands Day" },
        { "ad": "2026-02-03", "bs": "2082-10-20", "day": "Tuesday", "event": null },
        { "ad": "2026-02-04", "bs": "2082-10-21", "day": "Wednesday", "event": "World Cancer Day" },
        { "ad": "2026-02-05", "bs": "2082-10-22", "day": "Thursday", "event": null },
        { "ad": "2026-02-06", "bs": "2082-10-23", "day": "Friday", "event": null },
        { "ad": "2026-02-07", "bs": "2082-10-24", "day": "Saturday", "event": null },
        { "ad": "2026-02-08", "bs": "2082-10-25", "day": "Sunday", "event": null },
        { "ad": "2026-02-09", "bs": "2082-10-26", "day": "Monday", "event": "Gorakhkali Puja" },
        { "ad": "2026-02-10", "bs": "2082-10-27", "day": "Tuesday", "event": null },
        { "ad": "2026-02-11", "bs": "2082-10-28", "day": "Wednesday", "event": "Intl. Day of Women and Girls in Science" },
        { "ad": "2026-02-12", "bs": "2082-10-29", "day": "Thursday", "event": null },
        { "ad": "2026-02-13", "bs": "2082-11-01", "day": "Friday", "event": "Falgun Sakranti, World Radio Day" },
        { "ad": "2026-02-14", "bs": "2082-11-02", "day": "Saturday", "event": "Valentine's Day" },
        { "ad": "2026-02-15", "bs": "2082-11-03", "day": "Sunday", "event": "Maha Shivaratri, Nepal Army Day" },
        { "ad": "2026-02-16", "bs": "2082-11-04", "day": "Monday", "event": null },
        { "ad": "2026-02-17", "bs": "2082-11-05", "day": "Tuesday", "event": null },
        { "ad": "2026-02-18", "bs": "2082-11-06", "day": "Wednesday", "event": "Gyalpo Lhosar" },
        { "ad": "2026-02-19", "bs": "2082-11-07", "day": "Thursday", "event": "Prajatantra Diwas (Democracy Day)" },
        { "ad": "2026-02-20", "bs": "2082-11-08", "day": "Friday", "event": "World Day of Social Justice" },
        { "ad": "2026-02-21", "bs": "2082-11-09", "day": "Saturday", "event": "Intl. Mother Language Day" },
        { "ad": "2026-02-22", "bs": "2082-11-10", "day": "Sunday", "event": null },
        { "ad": "2026-02-23", "bs": "2082-11-11", "day": "Monday", "event": null },
        { "ad": "2026-02-24", "bs": "2082-11-12", "day": "Tuesday", "event": null },
        { "ad": "2026-02-25", "bs": "2082-11-13", "day": "Wednesday", "event": null },
        { "ad": "2026-02-26", "bs": "2082-11-14", "day": "Thursday", "event": null },
        { "ad": "2026-02-27", "bs": "2082-11-15", "day": "Friday", "event": "Amalaki Ekadashi" },
        { "ad": "2026-02-28", "bs": "2082-11-16", "day": "Saturday", "event": null }
      ]
    }
  ]
}
