{
  "month_info": {
    "ad_month": "January",
    "ad_year": 2026,
    "bs_months": ["Poush 2082", "Magh 2082"],
    "total_days": 31
  },
  "days": [
    { "ad": "2026-01-01", "bs": "2082-09-17", "day": "Thursday", "event": "New Year AD, National Topi Diwas" },
    { "ad": "2026-01-02", "bs": "2082-09-18", "day": "Friday", "event": null },
    { "ad": "2026-01-03", "bs": "2082-09-19", "day": "Saturday", "event": "Shree Swasthani Brata Start" },
    { "ad": "2026-01-04", "bs": "2082-09-20", "day": "Sunday", "event": null },
    { "ad": "2026-01-05", "bs": "2082-09-21", "day": "Monday", "event": "Guru Govinda Singh Jayanti" },
    { "ad": "2026-01-06", "bs": "2082-09-22", "day": "Tuesday", "event": null },
    { "ad": "2026-01-07", "bs": "2082-09-23", "day": "Wednesday", "event": "Araniko Smriti Diwas" },
    { "ad": "2026-01-08", "bs": "2082-09-24", "day": "Thursday", "event": null },
    { "ad": "2026-01-09", "bs": "2082-09-25", "day": "Friday", "event": null },
    { "ad": "2026-01-10", "bs": "2082-09-26", "day": "Saturday", "event": null },
    { "ad": "2026-01-11", "bs": "2082-09-27", "day": "Sunday", "event": "Prithvi Jayanti / Ekata Diwas" },
    { "ad": "2026-01-12", "bs": "2082-09-28", "day": "Monday", "event": null },
    { "ad": "2026-01-13", "bs": "2082-09-29", "day": "Tuesday", "event": "National Bhakka Day" },
    { "ad": "2026-01-14", "bs": "2082-09-30", "day": "Wednesday", "event": "Shattila Ekadashi" },
    { "ad": "2026-01-15", "bs": "2082-10-01", "day": "Thursday", "event": "Maghe Sankranti" },
    { "ad": "2026-01-16", "bs": "2082-10-02", "day": "Friday", "event": "National Earthquake Safety Day" },
    { "ad": "2026-01-17", "bs": "2082-10-03", "day": "Saturday", "event": null },
    { "ad": "2026-01-18", "bs": "2082-10-04", "day": "Sunday", "event": null },
    { "ad": "2026-01-19", "bs": "2082-10-05", "day": "Monday", "event": "Sonam Lhosar" },
    { "ad": "2026-01-20", "bs": "2082-10-06", "day": "Tuesday", "event": null },
    { "ad": "2026-01-21", "bs": "2082-10-07", "day": "Wednesday", "event": null },
    { "ad": "2026-01-22", "bs": "2082-10-08", "day": "Thursday", "event": null },
    { "ad": "2026-01-23", "bs": "2082-10-09", "day": "Friday", "event": "Saraswati Puja / Basanta Panchami" },
    { "ad": "2026-01-24", "bs": "2082-10-10", "day": "Saturday", "event": null },
    { "ad": "2026-01-25", "bs": "2082-10-11", "day": "Sunday", "event": null },
    { "ad": "2026-01-26", "bs": "2082-10-12", "day": "Monday", "event": "International Customs Day" },
    { "ad": "2026-01-27", "bs": "2082-10-13", "day": "Tuesday", "event": null },
    { "ad": "2026-01-28", "bs": "2082-10-14", "day": "Wednesday", "event": null },
    { "ad": "2026-01-29", "bs": "2082-10-15", "day": "Thursday", "event": "Bhima Ekadashi" },
    { "ad": "2026-01-30", "bs": "2082-10-16", "day": "Friday", "event": "Sahid Diwas (Martyr's Day)" },
    { "ad": "2026-01-31", "bs": "2082-10-17", "day": "Saturday", "event": null }
  ]
}
